{"cameraMode":{"drawMode":0,"name":"Shaded","section":"Shading Mode"},"sceneLighting":true,"audioPlay":false,"sceneViewState":{"showFog":false,"showMaterialUpdate":false,"showSkybox":false,"showFlares":false,"showImageEffects":true,"showParticleSystems":true},"in2DMode":false,"pivot":{"x":-0.07313859462738037,"y":0.2911919355392456,"z":0.7565906047821045},"rotation":{"x":-0.15366148948669434,"y":0.08201034367084503,"z":-0.012798254378139973,"w":-0.9846405386924744},"size":2.4606215953826906,"orthographic":false}